05/Jul/2021 13:35:57, ,173,2149,23
05/Jul/2021 13:36:00, ,102,2259,36
05/Jul/2021 13:36:03, ,149,782,77
05/Jul/2021 13:36:06, ,144,2357,67
05/Jul/2021 13:36:10, ,87,758,6
05/Jul/2021 13:36:13, ,123,942,17
05/Jul/2021 13:36:16, ,142,2194,5
05/Jul/2021 13:36:19, ,83,2783,38
05/Jul/2021 13:36:22, ,60,2229,72
05/Jul/2021 13:36:25, ,155,2963,43
05/Jul/2021 13:36:28, ,100,200,6
05/Jul/2021 13:36:31, ,108,1319,38
05/Jul/2021 13:36:34, ,22,2042,71
05/Jul/2021 13:36:37, ,51,1018,36
05/Jul/2021 13:36:40, ,27,908,51
05/Jul/2021 13:36:43, ,123,424,30
05/Jul/2021 13:36:46, ,133,1933,6
05/Jul/2021 13:36:49, ,69,698,25
05/Jul/2021 13:36:52, ,31,915,76
05/Jul/2021 13:36:55, ,178,2884,19
05/Jul/2021 13:36:58, ,40,1963,46
05/Jul/2021 13:37:01, ,167,1614,49
05/Jul/2021 13:37:04, ,147,238,23
05/Jul/2021 13:37:07, ,176,1063,46
05/Jul/2021 13:37:10, ,107,316,79
05/Jul/2021 13:37:13, ,162,2550,38
05/Jul/2021 13:37:16, ,54,1860,12
05/Jul/2021 13:37:19, ,61,1185,34
05/Jul/2021 13:37:22, ,22,1706,97
